{
    "type": "datasource",
    "name": "SolarWinds SWIS React DataSource",
    "id": "solarwinds-swis-react-datasource",
    "metrics": true,
    "logs": false,
    "annotations": true,
    "alerting": true,
    "backend": false,
    "info": {
        "description": "DataSource plugin for SolarWinds via SWIS HTTP REST endpoint (v1.0.21)",
        "author": {
            "name": "Roberto Di Giorgio"
        },
        "keywords": [
            "solarwinds",
            "swis",
            "datasource"
        ],
        "logos": {
            "small": "img/solarwinds-icon.svg",
            "large": "img/solarwinds-icon.svg"
        },
        "links": [
            {
                "name": "GitHub",
                "url": "https://github.com/ipm-bobby/grafana-swis-datasource-react"
            },
            {
                "name": "License",
                "url": "https://github.com/ipm-bobby/grafana-swis-datasource-react/blob/master/LICENSE"
            }
        ],
        "screenshots": [],
        "version": "1.0.21",
        "updated": "2025-05-06"
    },
    "dependencies": {
        "grafanaDependency": ">=10.0.0",
        "plugins": []
    },
    "buildMode": "production"
}