{
  "type": "datasource",
  "name": "SolarWinds SWIS DataSource",
  "id": "solarwinds-swis-datasource",
  "metrics": true,
  "logs": false,
  "annotations": true,
  "alerting": true,
  "backend": false,
  "info": {
    "description": "DataSource plugin for SolarWinds via SWIS HTTP REST endpoint",
    "author": {
      "name": "Eduard Tichy"
    },
    "keywords": ["solarwinds", "swis", "datasource"],
    "logos": {
      "small": "img/solarwinds-icon.svg",
      "large": "img/solarwinds-icon.svg"
    },
    "links": [
      {"name": "GitHub", "url": "https://github.com/etichy/grafana-swis-datasource"},
      {"name": "License", "url": "https://github.com/etichy/grafana-swis-datasource/blob/master/LICENSE"}
    ],
    "screenshots": [],
    "version": "1.0.0",
    "updated": "2025-04-24"
  },
  "dependencies": {
    "grafanaDependency": ">=10.0.0",
    "plugins": []
  }
}